"male, r","male, t; female, t","female, r"
0a0844,5b2b67,5b0fc1
0.4767894,yellow,0.4330667
0.2217272,green,0.2342095
0.09678997,red,0.131581
0.1166767,grey,0.08259048
0.03919893,brown,0.03939048
0.02068499,blue,0.04015238
0.01584831,black/white,0.02369524
0.00773687,violett,0.009142857
0.00454757,orange,0.006171429
