"60-90 dias, x; 30-60 días, x; 0-30 días, x","60-90 dias, y","60-90 dias, color","30-60 días, y","30-60 días, color","0-30 días, y","0-30 días, color"
aa16be,0c8157,859b9c,38e4be,57e005,78a69a,b74462
AG,0.2857142857,"rgba(179,226,205,1)",0.5714285714,"rgba(253,205,172,1)",0.1428571429,"rgba(203,213,232,1)"
CO,0.1509433962,"rgba(179,226,205,1)",0.8490566038,"rgba(253,205,172,1)",0.0,"rgba(203,213,232,1)"
CR,0.1538461538,"rgba(179,226,205,1)",0.6923076923,"rgba(253,205,172,1)",0.1538461538,"rgba(203,213,232,1)"
GY,0.2444444444,"rgba(179,226,205,1)",0.7111111111,"rgba(253,205,172,1)",0.0444444444,"rgba(203,213,232,1)"
KY,0.4,"rgba(179,226,205,1)",0.4,"rgba(253,205,172,1)",0.2,"rgba(203,213,232,1)"
TT,0,"rgba(179,226,205,1)",0,"rgba(253,205,172,1)",0,"rgba(203,213,232,1)"
