"Wyniki gry 1, x","Wyniki gry 1, y","Wyniki gry 1 (1), x","Wyniki gry 1 (1), y","Wartosc oczekiwana, x","Wartosc oczekiwana, y"
0e839d,8f9270,f41b70,28b98b,17dc56,0897db
-516.756841313,0.0,-187.0,31455.0,-247.2598174018,0.0
-516.756841313,31465.0,-429.0,15539.0,-247.2598174018,31465.0
22.2372065093,31465.0,-308.0,31238.0,,
22.2372065093,0.0,-66.0,15669.0,,
