"Wyniki gry 2, x","Wyniki gry 2, y","Wyniki gry 2 (1), x","Wyniki gry 2 (1), y","Wartosc oczekiwanaa, x","Wartosc oczekiwanaa, y"
45d558,63cceb,ad4176,10127a,4095de,0d7381
-265.798922593,0.0,-236.0,2267.0,-247.5000769992,0.0
-265.798922593,4843.0,-249.0,4655.0,-247.5000769992,4843.0
-229.2012314054,4843.0,-248.0,2389.0,,
-229.2012314054,0.0,-244.0,4375.0,,
