"Jan, x","Jan, y; Feb, y; Mar, y; Apr, y; May, y; Jun, y; July, y; Aug, y; Sep, y; Oct, y; Nov, y; Dec, y","Feb, x","Mar, x","Apr, x","May, x","Jun, x","July, x","Aug, x","Sep, x","Oct, x","Nov, x","Dec, x"
cc22e3,e776d4,49e75b,5de2bf,9dce35,cec780,058cd2,4da01c,9fff1b,84696c,fc00c7,377026,398865
982.880506387,GenAC,242.822527828,297.246144838,231.572723388,96.910206273,316.530700885,1591.857854889,441.91179811,513.909779112,304.286481555,-24093.018825839,570.230158334
1845.19481,GenDC,547.341298,631.423521,497.003433,209.925749,444.982538,1188.099949,604.037623,591.779972,613.377419,25688.646385,1041.84929
370.146891,Wind,218.760619,297.803915,215.43819,160.33757,72.680658,14.826715,15.243658,6.697496,189.918626,-3942.352056,233.977412
652.773212,Solar,961.231672,925.404478,930.541967,1264.746285,1580.322805,1183.182815,1365.648271,1374.826769,793.991474,744.571871,722.919004
